<tbxmanager_ampc version="1.2">
<package>
<name>casadi</name>
<homepage>https://web.casadi.org/</homepage>
<license>
<url>https://raw.githubusercontent.com/casadi/casadi/master/LICENSE.txt</url>
</license>
<version>
<id>3.5.5</id>
<date>2020-09-05 12:00:00</date>
<homepage>https://web.casadi.org/</homepage>
<repository>stable</repository>
<url arch="glnxa64">https://github.com/casadi/casadi/releases/download/3.5.5/casadi-linux-matlabR2014b-v3.5.5.tar.gz</url>
<url arch="maci64">https://github.com/casadi/casadi/releases/download/3.5.5/casadi-osx-matlabR2015a-v3.5.5.tar.gz</url>
<url arch="pcwin64">https://github.com/casadi/casadi/releases/download/3.5.5/casadi-windows-matlabR2016a-v3.5.5.zip</url>
<url arch="pcwin">https://github.com/casadi/casadi/releases/download/3.5.5/casadi-windows-matlabR2016a-v3.5.5.zip</url>
</version>
</package>
<package>
<name>besim</name>
<homepage>https://github.com/drgona/BeSim</homepage>
<support>jan.drgona@kuleuven.be</support>
<license>
<url>http://www.tbxmanager.com/package/license.txt/besim</url>
</license>
<version>
<id>1.0.2</id>
<date>2019-02-28 15:10:52</date>
<homepage>https://github.com/drgona/BeSim</homepage>
<repository>stable</repository>
<url arch="all">https://github.com/drgona/BeSim/archive/1.0.2.zip</url>
</version>
<version>
<id>v1.0.1</id>
<date>2019-01-16 08:26:08</date>
<homepage>https://github.com/drgona/BuiSim</homepage>
<repository>stable</repository>
<url arch="all">https://github.com/drgona/BuiSim/archive/v1.0.zip</url>
</version>
</package>
<package>
<name>brcm</name>
<homepage>http://www.brcm.ethz.ch</homepage>
<support>sturzenegger.david@gmail.com</support>
<license>
<url>http://www.tbxmanager.com/package/license.txt/brcm</url>
</license>
<version>
<id>v1.03</id>
<date>2015-07-04 22:56:10</date>
<homepage>http://brcm.ethz.ch</homepage>
<repository>stable</repository>
<url arch="all">http://people.ee.ethz.ch/~building/brcmToolbox/BRCMToolbox_v1.03.zip</url>
</version>
<version>
<id>v1.02</id>
<date>2015-02-24 16:23:38</date>
<homepage>http://brcm.ethz.ch</homepage>
<repository>stable</repository>
<url arch="all">http://www.control.ee.ethz.ch/~stdavid/BRCMToolbox_v1.02.zip</url>
</version>
<version>
<id>v1.01</id>
<date>2014-07-21 14:18:39</date>
<homepage>http://brcm.ethz.ch</homepage>
<repository>stable</repository>
<url arch="all">http://www.control.ee.ethz.ch/~stdavid/BRCMToolbox_v1.01.zip</url>
</version>
<version>
<id>v1.00</id>
<date>2014-05-30 14:42:27</date>
<homepage>http://brcm.ethz.ch</homepage>
<repository>stable</repository>
<url arch="all">http://www.control.ee.ethz.ch/~stdavid/BRCMToolbox_v1.00.zip</url>
</version>
<version>
<id>v0.96(Beta)</id>
<date>2014-02-03 14:43:48</date>
<homepage>http://brcm.ethz.ch</homepage>
<repository>stable</repository>
<url arch="all">http://www.control.ee.ethz.ch/~stdavid/BRCMToolbox_v0.96(Beta).zip</url>
</version>
<version>
<id>v0.95(Beta)</id>
<date>2013-12-10 02:48:08</date>
<homepage>http://www.brcm.ethz.ch</homepage>
<repository>stable</repository>
<url arch="all">http://www.control.ee.ethz.ch/~stdavid/BRCMToolbox_v0.95(Beta).zip</url>
</version>
<version>
<id>v0.94(Beta)</id>
<date>2013-10-30 16:58:49</date>
<homepage>http://www.brcm.ethz.ch</homepage>
<repository>stable</repository>
<url arch="all">http://www.control.ee.ethz.ch/~stdavid/BRCMToolbox_v0.94(Beta).zip</url>
</version>
<version>
<id>v0.93(beta)</id>
<date>2013-10-20 18:13:40</date>
<homepage>http://www.brcm.ethz.ch</homepage>
<repository>stable</repository>
<url arch="all">http://www.control.ee.ethz.ch/~stdavid/BRCMToolbox_v0.93(Beta).zip</url>
</version>
<version>
<id>v0.92(beta)</id>
<date>2013-10-18 22:25:26</date>
<homepage>http://www.brcm.ethz.ch</homepage>
<repository>stable</repository>
<url arch="all">http://www.control.ee.ethz.ch/~stdavid/BRCMToolbox_v0.92(Beta).zip</url>
</version>
<version>
<id>v0.91(beta)</id>
<date>2013-10-04 17:17:03</date>
<homepage>None</homepage>
<repository>stable</repository>
<url arch="all">http://www.control.ee.ethz.ch/~stdavid/BRCMToolbox_v0.91(Beta).zip</url>
</version>
</package>
<package>
<name>cddmex</name>
<homepage>http://control.ee.ethz.ch/~hybrid/cdd.php</homepage>
<support>mpt@control.ee.ethz.ch</support>
<version>
<id>1.0.1</id>
<date>2013-10-02 11:12:09</date>
<homepage>http://control.ee.ethz.ch/~hybrid/cdd.php</homepage>
<repository>stable</repository>
<url arch="glnxa64">http://people.ee.ethz.ch/~mpt/tbx/pool/cddmex/1_0_1/cddmex_1_0_1_GLNXA64.tgz</url>
<url arch="maci64">http://people.ee.ethz.ch/~mpt/tbx/pool/cddmex/1_0_1/cddmex_1_0_1_MACI64.tgz</url>
<url arch="pcwin">http://people.ee.ethz.ch/~mpt/tbx/pool/cddmex/1_0_1/cddmex_1_0_1_PCWIN.tgz</url>
<url arch="pcwin64">http://people.ee.ethz.ch/~mpt/tbx/pool/cddmex/1_0_1/cddmex_1_0_1_PCWIN64.tgz</url>
</version>
<version>
<id>1.0</id>
<date>2012-10-02 10:56:45</date>
<homepage>None</homepage>
<repository>stable</repository>
<url arch="glnxa64">http://control.ee.ethz.ch/~mpt/tbx/pool/cddmex/1_0/cddmex_1_0_glnxa64.zip</url>
<url arch="maci64">http://control.ee.ethz.ch/~mpt/tbx/pool/cddmex/1_0/cddmex_1_0_maci64.zip</url>
<url arch="pcwin">http://control.ee.ethz.ch/~mpt/tbx/pool/cddmex/1_0/cddmex_1_0_pcwin.zip</url>
<url arch="pcwin64">http://control.ee.ethz.ch/~mpt/tbx/pool/cddmex/1_0/cddmex_1_0_pcwin64.zip</url>
</version>
</package>
<package>
<name>clpmex</name>
<homepage>None</homepage>
<support>mpt@control.ee.ethz.ch</support>
<version>
<id>1.0</id>
<date>2012-10-02 10:59:06</date>
<homepage>None</homepage>
<repository>stable</repository>
<url arch="glnxa64">http://people.ee.ethz.ch/~mpt/tbx/pool/clpmex/1_0/clpmex_1_0_glnxa64.zip</url>
<url arch="maci64">http://people.ee.ethz.ch/~mpt/tbx/pool/clpmex/1_0/clpmex_1_0_maci64.zip</url>
<url arch="pcwin">http://people.ee.ethz.ch/~mpt/tbx/pool/clpmex/1_0/clpmex_1_0_pcwin.zip</url>
<url arch="pcwin64">http://people.ee.ethz.ch/~mpt/tbx/pool/clpmex/1_0/clpmex_1_0_pcwin64.zip</url>
</version>
</package>
<package>
<name>dynopt</name>
<homepage>https://www.uiam.sk/~fikar/research/dynopt/dynopt.htm</homepage>
<support>miroslav.fikar@stuba.sk</support>
<license>
<url>http://www.tbxmanager.com/package/license.txt/dynopt</url>
</license>
<version>
<id>5.0.5</id>
<date>2021-04-04 12:07:39</date>
<homepage>https://www.uiam.sk/~fikar/research/dynopt/dynopt.htm</homepage>
<repository>stable</repository>
<url arch="all">https://github.com/miroslavfikar/dynopt_code/archive/master.zip</url>
</version>
<version>
<id>5.0.4</id>
<date>2021-01-05 13:32:21</date>
<homepage>https://www.uiam.sk/~fikar/research/dynopt/dynopt.htm</homepage>
<repository>stable</repository>
<url arch="all">https://www.uiam.sk/~fikar/dynopt_5.0.4.zip</url>
</version>
<version>
<id>5.0.3</id>
<date>2020-10-02 14:17:28</date>
<homepage>https://www.uiam.sk/~fikar/research/dynopt/dynopt.htm</homepage>
<repository>stable</repository>
<url arch="all">https://www.uiam.sk/~fikar/dynopt_5.0.3.zip</url>
</version>
<version>
<id>5.0.2</id>
<date>2020-05-12 07:52:00</date>
<homepage>https://www.uiam.sk/~fikar/research/dynopt/dynopt.htm</homepage>
<repository>stable</repository>
<url arch="all">https://www.uiam.sk/~fikar/dynopt_5.0.2.zip</url>
</version>
<version>
<id>5.0.1</id>
<date>2020-04-29 22:33:05</date>
<homepage>https://www.uiam.sk/~fikar/research/dynopt/dynopt.htm</homepage>
<repository>stable</repository>
<url arch="all">https://www.uiam.sk/~fikar/dynopt_5.0.1.zip</url>
</version>
<version>
<id>4.3.1</id>
<date>2018-12-20 18:49:42</date>
<homepage>https://www.uiam.sk/~fikar/research/dynopt/dynopt.htm</homepage>
<repository>stable</repository>
<url arch="all">https://bitbucket.org/dynopt/dynopt_code/downloads/dynopt_4.3.1.zip</url>
</version>
<version>
<id>4.3.0</id>
<date>2016-08-04 14:23:22</date>
<homepage>https://www.kirp.chtf.stuba.sk/~fikar/research/dynopt/dynopt.htm</homepage>
<repository>stable</repository>
<url arch="all">https://bitbucket.org/dynopt/dynopt_code/downloads/dynopt_4.3.0.zip</url>
</version>
<version>
<id>4.2.0</id>
<date>2016-03-09 12:04:52</date>
<homepage>https://www.kirp.chtf.stuba.sk/~fikar/research/dynopt/dynopt.htm</homepage>
<repository>stable</repository>
<url arch="all">https://bitbucket.org/dynopt/dynopt_code/downloads/dynopt_4.2.0.zip</url>
</version>
</package>
<package>
<name>ehcm</name>
<homepage>http://www.brcm.ethz.ch</homepage>
<support>gdarivia@control.ee.ethz.ch</support>
<license>
<url>http://www.tbxmanager.com/package/license.txt/ehcm</url>
</license>
<version>
<id>v1</id>
<date>2015-07-10 12:26:39</date>
<homepage>None</homepage>
<repository>stable</repository>
<url arch="glnx86">https://people.ee.ethz.ch/~building/ehcmToolbox/v1.zip</url>
<url arch="glnxa64">https://people.ee.ethz.ch/~building/ehcmToolbox/v1.zip</url>
<url arch="maci">https://people.ee.ethz.ch/~building/ehcmToolbox/v1.zip</url>
<url arch="maci64">https://people.ee.ethz.ch/~building/ehcmToolbox/v1.zip</url>
<url arch="pcwin">https://people.ee.ethz.ch/~building/ehcmToolbox/v1.zip</url>
<url arch="pcwin64">https://people.ee.ethz.ch/~building/ehcmToolbox/v1.zip</url>
</version>
</package>
<package>
<name>elab</name>
<homepage>None</homepage>
<support>martin.kaluz@stuba.sk</support>
<license>
<url>http://www.tbxmanager.com/package/license.txt/elab</url>
</license>
<version>
<id>2.0.0</id>
<date>2019-10-14 11:27:59</date>
<homepage>None</homepage>
<repository>stable</repository>
<url arch="all">https://github.com/martin-kaluz/elab2-matlab/archive/master.zip</url>
</version>
</package>
<package>
<name>elab_crypto</name>
<homepage>https://github.com/martin-kaluz/elab-crypto-matlab</homepage>
<support>martin.kaluz@stuba.sk</support>
<license>
<url>http://www.tbxmanager.com/package/license.txt/elab_crypto</url>
</license>
<version>
<id>v0.1</id>
<date>2019-10-21 10:53:56</date>
<homepage>https://github.com/martin-kaluz/elab-crypto-matlab</homepage>
<repository>stable</repository>
<url arch="all">https://github.com/martin-kaluz/elab-crypto-matlab/archive/master.zip</url>
</version>
</package>
<package>
<name>elab_manager</name>
<homepage>None</homepage>
<support>martin.kaluz@stuba.sk</support>
<license>
<url>http://www.tbxmanager.com/package/license.txt/elab_manager</url>
</license>
<version>
<id>1.0</id>
<date>2016-11-18 15:00:38</date>
<homepage>None</homepage>
<repository>stable</repository>
<url arch="all">https://github.com/martin-kaluz/elab-matlab/archive/master.zip</url>
</version>
</package>
<package>
<name>enumpqp</name>
<homepage>https://bitbucket.org/kvasnica/mpt_enum_pqp/wiki/Home</homepage>
<support>michal.kvasnica@stuba.sk</support>
<version>
<id>1.0</id>
<date>2016-10-30 06:39:36</date>
<homepage>None</homepage>
<repository>stable</repository>
<url arch="all">http://www.kirp.chtf.stuba.sk/~kvasnica/tbxpool/enumpqp/enumpqp_1_0_all.zip</url>
</version>
</package>
<package>
<name>espresso</name>
<homepage>http://embedded.eecs.berkeley.edu/pubs/downloads/espresso/index.htm</homepage>
<support>None</support>
<version>
<id>1.0</id>
<date>2013-07-15 21:24:47</date>
<homepage>None</homepage>
<repository>stable</repository>
<url arch="glnx86">http://people.ee.ethz.ch/~mpt/tbx/pool/espresso/1_0/espresso_linux.tgz</url>
<url arch="glnxa64">http://people.ee.ethz.ch/~mpt/tbx/pool/espresso/1_0/espresso_linux.tgz</url>
<url arch="maci">http://people.ee.ethz.ch/~mpt/tbx/pool/espresso/1_0/espresso_mac.tgz</url>
<url arch="maci64">http://people.ee.ethz.ch/~mpt/tbx/pool/espresso/1_0/espresso_mac.tgz</url>
<url arch="pcwin">http://people.ee.ethz.ch/~mpt/tbx/pool/espresso/1_0/espresso_win.tgz</url>
<url arch="pcwin64">http://people.ee.ethz.ch/~mpt/tbx/pool/espresso/1_0/espresso_win.tgz</url>
</version>
</package>
<package>
<name>eventcollector</name>
<homepage>http://bitbucket.org/kvasnica/eventcollector/</homepage>
<support>michal.kvasnica@stuba.sk</support>
<version>
<id>1.0</id>
<date>2014-04-15 17:16:14</date>
<homepage>None</homepage>
<repository>stable</repository>
<url arch="all">http://www.kirp.chtf.stuba.sk/~kvasnica/tbxpool/eventcollector/eventcollector_1_0_all.zip</url>
</version>
</package>
<package>
<name>fiordos</name>
<homepage>http://fiordos.ethz.ch</homepage>
<support>fiordos@control.ee.ethz.ch</support>
<license>
<url>http://www.tbxmanager.com/package/license.txt/fiordos</url>
</license>
<version>
<id>R20141208</id>
<date>2014-12-08 21:07:44</date>
<homepage>None</homepage>
<repository>stable</repository>
<url arch="all">http://fiordos.ethz.ch/data/fiordosR20141208.zip</url>
</version>
<version>
<id>R20140930</id>
<date>2014-09-30 19:24:29</date>
<homepage>None</homepage>
<repository>stable</repository>
<url arch="all">http://fiordos.ethz.ch/dwnldf/fiordosR20140930.zip</url>
</version>
<version>
<id>R20121210</id>
<date>2012-12-10 14:29:55</date>
<homepage>None</homepage>
<repository>stable</repository>
<url arch="all">http://fiordos.ethz.ch/dwnldf/fiordosR20121210.zip</url>
</version>
<version>
<id>R20121029</id>
<date>2012-10-29 22:42:15</date>
<homepage>None</homepage>
<repository>stable</repository>
<url arch="all">http://fiordos.ethz.ch/dwnldf/fiordosR20121029.zip</url>
</version>
<version>
<id>R20120921</id>
<date>2012-10-19 17:50:53</date>
<homepage>None</homepage>
<repository>stable</repository>
<url arch="all">http://fiordos.ethz.ch/dwnldf/fiordosR20120921.zip</url>
</version>
<version>
<id>R20120525</id>
<date>2012-10-19 17:50:08</date>
<homepage>None</homepage>
<repository>stable</repository>
<url arch="all">http://fiordos.ethz.ch/dwnldf/fiordosR20120525.zip</url>
</version>
</package>
<package>
<name>flexy</name>
<homepage>https://github.com/martin-kaluz/flexy-arduino/wiki</homepage>
<support>martin.kaluz@stuba.sk</support>
<license>
<url>http://www.tbxmanager.com/package/license.txt/flexy</url>
</license>
<version>
<id>1.0</id>
<date>2017-11-20 11:58:32</date>
<homepage>https://github.com/martin-kaluz/flexy-arduino/wiki</homepage>
<repository>stable</repository>
<url arch="all">http://www.kirp.chtf.stuba.sk/~kaluz/flexy/Flexy.zip</url>
</version>
</package>
<package>
<name>fourier</name>
<homepage>None</homepage>
<support>mpt@control.ee.ethz.ch</support>
<version>
<id>1.0</id>
<date>2012-10-02 11:00:32</date>
<homepage>None</homepage>
<repository>stable</repository>
<url arch="glnxa64">http://people.ee.ethz.ch/~mpt/tbx/pool/fourier/1_0/fourier_1_0_glnxa64.zip</url>
<url arch="maci64">http://people.ee.ethz.ch/~mpt/tbx/pool/fourier/1_0/fourier_1_0_maci64.zip</url>
<url arch="pcwin">http://people.ee.ethz.ch/~mpt/tbx/pool/fourier/1_0/fourier_1_0_pcwin.zip</url>
<url arch="pcwin64">http://people.ee.ethz.ch/~mpt/tbx/pool/fourier/1_0/fourier_1_0_pcwin64.zip</url>
</version>
</package>
<package>
<name>glpkmex</name>
<homepage>None</homepage>
<support>mpt@control.ee.ethz.ch</support>
<version>
<id>1.0</id>
<date>2012-10-02 10:59:48</date>
<homepage>None</homepage>
<repository>stable</repository>
<url arch="glnxa64">http://people.ee.ethz.ch/~mpt/tbx/pool/glpkmex/1_0/glpkmex_1_0_glnxa64.zip</url>
<url arch="maci64">http://people.ee.ethz.ch/~mpt/tbx/pool/glpkmex/1_0/glpkmex_1_0_maci64.zip</url>
<url arch="pcwin">http://people.ee.ethz.ch/~mpt/tbx/pool/glpkmex/1_0/glpkmex_1_0_pcwin.zip</url>
<url arch="pcwin64">http://people.ee.ethz.ch/~mpt/tbx/pool/glpkmex/1_0/glpkmex_1_0_pcwin64.zip</url>
</version>
</package>
<package>
<name>hashtable</name>
<homepage>http://control.ee.ethz.ch/~mpt</homepage>
<support>mpt@control.ee.ethz.ch</support>
<version>
<id>1.0</id>
<date>2013-12-04 15:54:46</date>
<homepage>None</homepage>
<repository>stable</repository>
<url arch="all">http://control.ee.ethz.ch/~mpt/tbx/pool/HashTable/1_0/HashTable_1_0_all.tgz</url>
</version>
</package>
<package>
<name>hysdel</name>
<homepage>http://control.ee.ethz.ch/~hybrid/hysdel/</homepage>
<support>mpt@control.ee.ethz.ch</support>
<version>
<id>2.0.6</id>
<date>2012-10-02 10:58:12</date>
<homepage>None</homepage>
<repository>stable</repository>
<url arch="glnx86">http://people.ee.ethz.ch/~mpt/tbx/pool/hysdel2/2_0_6/GLNX86/hysdel.zip</url>
<url arch="glnxa64">http://people.ee.ethz.ch/~mpt/tbx/pool/hysdel2/2_0_6/GLNXA64/hysdel.zip</url>
<url arch="maci">http://people.ee.ethz.ch/~mpt/tbx/pool/hysdel2/2_0_6/MACI/hysdel.zip</url>
<url arch="maci64">http://people.ee.ethz.ch/~mpt/tbx/pool/hysdel2/2_0_6/MACI64/hysdel.zip</url>
<url arch="pcwin">http://people.ee.ethz.ch/~mpt/tbx/pool/hysdel2/2_0_6/PCWIN/hysdel.zip</url>
<url arch="pcwin64">http://people.ee.ethz.ch/~mpt/tbx/pool/hysdel2/2_0_6/PCWIN64/hysdel.zip</url>
</version>
</package>
<package>
<name>lcp</name>
<homepage>None</homepage>
<support>mpt@control.ee.ethz.ch</support>
<version>
<id>1.0.3</id>
<date>2013-08-22 14:54:09</date>
<homepage>None</homepage>
<repository>stable</repository>
<url arch="glnxa64">http://people.ee.ethz.ch/~mpt/tbx/pool/lcp/1_0_3/lcp_1_0_3_GLNXA64.tgz</url>
<url arch="maci64">http://people.ee.ethz.ch/~mpt/tbx/pool/lcp/1_0_3/lcp_1_0_3_MACI64.tgz</url>
<url arch="pcwin64">http://people.ee.ethz.ch/~mpt/tbx/pool/lcp/1_0_3/lcp_1_0_3_PCWIN64.tgz</url>
<url arch="pcwin">http://people.ee.ethz.ch/~mpt/tbx/pool/lcp/1_0_3/lcp_1_0_3_PCWIN.tgz</url>
</version>
<version>
<id>1.0.2</id>
<date>2013-06-15 13:46:31</date>
<homepage>None</homepage>
<repository>stable</repository>
<url arch="glnxa64">http://control.ee.ethz.ch/~mpt/tbx/pool/lcp/1_0_2/lcp_1_0_2_GLNXA64.tgz</url>
<url arch="maci64">http://control.ee.ethz.ch/~mpt/tbx/pool/lcp/1_0_2/lcp_1_0_2_MACI64.tgz</url>
<url arch="pcwin">http://control.ee.ethz.ch/~mpt/tbx/pool/lcp/1_0_2/lcp_1_0_2_PCWIN.tgz</url>
<url arch="pcwin64">http://control.ee.ethz.ch/~mpt/tbx/pool/lcp/1_0_2/lcp_1_0_2_PCWIN64.tgz</url>
</version>
<version>
<id>1.0.1</id>
<date>2013-02-21 16:11:55</date>
<homepage>None</homepage>
<repository>stable</repository>
<url arch="glnxa64">http://control.ee.ethz.ch/~mpt/tbx/pool/lcp/1_0_1/lcp_1_0_1_GLNXA64.tgz</url>
<url arch="maci64">http://control.ee.ethz.ch/~mpt/tbx/pool/lcp/1_0_1/lcp_1_0_1_MACI64.tgz</url>
<url arch="pcwin64">http://control.ee.ethz.ch/~mpt/tbx/pool/lcp/1_0_1/lcp_1_0_1_PCWIN64.tgz</url>
<url arch="pcwin">http://control.ee.ethz.ch/~mpt/tbx/pool/lcp/1_0_1/lcp_1_0_1_PCWIN.tgz</url>
</version>
<version>
<id>1.0</id>
<date>2012-10-02 11:01:10</date>
<homepage>None</homepage>
<repository>stable</repository>
<url arch="glnxa64">http://control.ee.ethz.ch/~mpt/tbx/pool/lcp/1_0/lcp_1_0_glnxa64.zip</url>
<url arch="maci64">http://control.ee.ethz.ch/~mpt/tbx/pool/lcp/1_0/lcp_1_0_maci64.zip</url>
<url arch="pcwin">http://control.ee.ethz.ch/~mpt/tbx/pool/lcp/1_0/lcp_1_0_pcwin.zip</url>
<url arch="pcwin64">http://control.ee.ethz.ch/~mpt/tbx/pool/lcp/1_0/lcp_1_0_pcwin64.zip</url>
</version>
</package>
<package>
<name>lcprtw</name>
<homepage>None</homepage>
<support>mpt@control.ee.ethz.ch</support>
<version>
<id>1.0</id>
<date>2013-06-18 13:02:43</date>
<homepage>None</homepage>
<repository>stable</repository>
<url arch="pcwin">http://control.ee.ethz.ch/~mpt/bins/lcp_rtw2012a.zip</url>
</version>
</package>
<package>
<name>matlabjson</name>
<homepage>https://github.com/kvasnica/matlabjson</homepage>
<support>michal.kvasnica@stuba.sk</support>
<version>
<id>1.0</id>
<date>2016-12-02 12:07:06</date>
<homepage>None</homepage>
<repository>stable</repository>
<url arch="all">http://www.uiam.sk/~kvasnica/tbxpool/matlabjson/matlabjson_1_0_all.zip</url>
</version>
</package>
<package>
<name>matwebsocks</name>
<homepage>https://bitbucket.org/kvasnica/matwebsocks</homepage>
<support>michal.kvasnica@stuba.sk</support>
<version>
<id>1.3</id>
<date>2019-01-08 12:20:41</date>
<homepage>None</homepage>
<repository>stable</repository>
<url arch="all">http://www.uiam.sk/~kvasnica/tbxpool/matwebsocks/matwebsocks_1_3_all.zip</url>
</version>
<version>
<id>1.2</id>
<date>2016-11-22 09:19:46</date>
<homepage>None</homepage>
<repository>stable</repository>
<url arch="all">http://www.uiam.sk/~kvasnica/tbxpool/matwebsocks/matwebsocks_1_2_all.zip</url>
</version>
<version>
<id>1.1</id>
<date>2014-04-26 01:15:16</date>
<homepage>None</homepage>
<repository>stable</repository>
<url arch="all">http://www.kirp.chtf.stuba.sk/~kvasnica/tbxpool/matwebsocks/matwebsocks_1_1_all.zip</url>
</version>
<version>
<id>1.0</id>
<date>2014-04-15 17:11:12</date>
<homepage>None</homepage>
<repository>stable</repository>
<url arch="all">http://www.kirp.chtf.stuba.sk/~kvasnica/tbxpool/matwebsocks/matwebsocks_1_0_all.zip</url>
</version>
</package>
<package>
<name>matwsdrone</name>
<homepage>https://github.com/kvasnica/matwsdrone</homepage>
<support>michal.kvasnica@stuba.sk</support>
<version>
<id>1.0</id>
<date>2016-12-02 13:14:32</date>
<homepage>None</homepage>
<repository>stable</repository>
<url arch="all">http://kirp.chtf.stuba.sk/~kvasnica/tbxpool/matwsdrone/matwsdrone_1_0_all.zip</url>
</version>
</package>
<package>
<name>moantool</name>
<homepage>https://bitbucket.org/kvasnica/moantool/</homepage>
<support>michal.kvasnica@stuba.sk</support>
<version>
<id>1.0.1</id>
<date>2016-11-29 16:11:34</date>
<homepage>None</homepage>
<repository>stable</repository>
<url arch="all">http://www.kirp.chtf.stuba.sk/~kvasnica/tbxpool/moantool/moantool_1_0_1_all.zip</url>
</version>
<version>
<id>1.0</id>
<date>2016-11-23 10:38:46</date>
<homepage>None</homepage>
<repository>stable</repository>
<url arch="all">http://www.kirp.chtf.stuba.sk/~kvasnica/tbxpool/moantool/moantool_1_0_all.zip</url>
</version>
</package>
<package>
<name>mpt</name>
<homepage>http://control.ee.ethz.ch/~mpt/</homepage>
<support>mpt@control.ee.ethz.ch</support>
<version>
<id>3.2.1</id>
<date>2018-06-07 12:49:59</date>
<homepage>None</homepage>
<repository>stable</repository>
<url arch="all">http://people.ee.ethz.ch/~mpt/tbx/pool/mpt3/3_2_1/mpt3-3_2_1.tgz</url>
</version>
<version>
<id>3.2.0</id>
<date>2018-06-05 08:24:15</date>
<homepage>None</homepage>
<repository>stable</repository>
<url arch="all">http://www.kirp.chtf.stuba.sk/~kvasnica/tbxpool/mpt3/3_2_0/mpt3-3_2_0.tgz</url>
</version>
<version>
<id>3.1.8</id>
<date>2016-12-06 12:48:22</date>
<homepage>None</homepage>
<repository>stable</repository>
<url arch="all">http://control.ee.ethz.ch/~mpt/tbx/pool/mpt3/3_1_8/mpt3-3_1_8.tgz</url>
</version>
<version>
<id>3.1.7</id>
<date>2016-12-05 10:56:24</date>
<homepage>None</homepage>
<repository>stable</repository>
<url arch="all">http://control.ee.ethz.ch/~mpt/tbx/pool/mpt3/3_1_7/mpt3-3_1_7.tgz</url>
</version>
<version>
<id>3.1.6</id>
<date>2016-11-30 13:50:44</date>
<homepage>None</homepage>
<repository>stable</repository>
<url arch="all">http://control.ee.ethz.ch/~mpt/tbx/pool/mpt3/3_1_6/mpt3-3_1_6.tgz</url>
</version>
<version>
<id>3.1.5</id>
<date>2016-10-27 08:09:52</date>
<homepage>None</homepage>
<repository>stable</repository>
<url arch="all">http://control.ee.ethz.ch/~mpt/tbx/pool/mpt3/3_1_5/mpt3-3_1_5.tgz</url>
</version>
<version>
<id>3.1.4</id>
<date>2016-10-04 13:35:35</date>
<homepage>None</homepage>
<repository>stable</repository>
<url arch="all">http://control.ee.ethz.ch/~mpt/tbx/pool/mpt3/3_1_4/mpt3-3_1_4.tgz</url>
</version>
<version>
<id>3.1.3</id>
<date>2016-08-05 08:15:30</date>
<homepage>None</homepage>
<repository>stable</repository>
<url arch="all">http://control.ee.ethz.ch/~mpt/tbx/pool/mpt3/3_1_3/mpt3-3_1_3.tgz</url>
</version>
<version>
<id>3.1.2</id>
<date>2015-10-28 16:47:31</date>
<homepage>None</homepage>
<repository>stable</repository>
<url arch="all">http://control.ee.ethz.ch/~mpt/tbx/pool/mpt3/3_1_2/mpt3-3_1_2.tgz</url>
</version>
<version>
<id>3.1.1</id>
<date>2015-10-14 14:39:37</date>
<homepage>None</homepage>
<repository>stable</repository>
<url arch="all">http://control.ee.ethz.ch/~mpt/tbx/pool/mpt3/3_1_1/mpt3-3_1_1.tgz</url>
</version>
<version>
<id>3.1</id>
<date>2015-02-05 12:49:21</date>
<homepage>None</homepage>
<repository>stable</repository>
<url arch="all">http://control.ee.ethz.ch/~mpt/tbx/pool/mpt3/3_1/mpt3-3_1.tgz</url>
</version>
<version>
<id>3.0.20</id>
<date>2014-07-22 23:13:35</date>
<homepage>None</homepage>
<repository>stable</repository>
<url arch="all">http://control.ee.ethz.ch/~mpt/tbx/pool/mpt3/3_0_20/mpt3-3_0_20.tgz</url>
</version>
<version>
<id>3.0.19</id>
<date>2014-07-03 16:52:45</date>
<homepage>None</homepage>
<repository>stable</repository>
<url arch="all">http://control.ee.ethz.ch/~mpt/tbx/pool/mpt3/3_0_19/mpt3-3_0_19.tgz</url>
</version>
<version>
<id>3.0.18</id>
<date>2014-06-19 10:18:22</date>
<homepage>None</homepage>
<repository>stable</repository>
<url arch="all">http://control.ee.ethz.ch/~mpt/tbx/pool/mpt3/3_0_18/mpt3-3_0_18.tgz</url>
</version>
<version>
<id>3.0.17</id>
<date>2014-02-27 08:25:37</date>
<homepage>None</homepage>
<repository>stable</repository>
<url arch="all">http://control.ee.ethz.ch/~mpt/tbx/pool/mpt3/3_0_17/mpt3-3_0_17.tgz</url>
</version>
<version>
<id>3.0.16</id>
<date>2014-01-28 21:17:44</date>
<homepage>None</homepage>
<repository>stable</repository>
<url arch="all">http://control.ee.ethz.ch/~mpt/tbx/pool/mpt3/3_0_16/mpt3-3_0_16.tgz</url>
</version>
<version>
<id>3.0.15</id>
<date>2014-01-16 20:04:28</date>
<homepage>None</homepage>
<repository>stable</repository>
<url arch="all">http://control.ee.ethz.ch/~mpt/tbx/pool/mpt3/3_0_15/mpt3-3_0_15.tgz</url>
</version>
<version>
<id>3.0.14</id>
<date>2013-12-17 14:19:52</date>
<homepage>None</homepage>
<repository>stable</repository>
<url arch="all">http://control.ee.ethz.ch/~mpt/tbx/pool/mpt3/3_0_14/mpt3-3_0_14.tgz</url>
</version>
<version>
<id>3.0.13</id>
<date>2013-10-23 14:46:50</date>
<homepage>None</homepage>
<repository>stable</repository>
<url arch="all">http://control.ee.ethz.ch/~mpt/tbx/pool/mpt3/3_0_13/mpt3-3_0_13.tgz</url>
</version>
<version>
<id>3.0.12</id>
<date>2013-09-24 12:02:53</date>
<homepage>None</homepage>
<repository>stable</repository>
<url arch="all">http://control.ee.ethz.ch/~mpt/tbx/pool/mpt3/3_0_12/mpt3-3_0_12.tgz</url>
</version>
<version>
<id>3.0.11</id>
<date>2013-08-28 00:42:51</date>
<homepage>None</homepage>
<repository>stable</repository>
<url arch="all">http://control.ee.ethz.ch/~mpt/tbx/pool/mpt3/3_0_11/mpt3-3_0_11.tgz</url>
</version>
<version>
<id>3.0.10</id>
<date>2013-08-23 22:57:51</date>
<homepage>None</homepage>
<repository>stable</repository>
<url arch="all">http://control.ee.ethz.ch/~mpt/tbx/pool/mpt3/3_0_10/mpt3-3_0_10.tgz</url>
</version>
<version>
<id>3.0.9</id>
<date>2013-08-06 21:32:52</date>
<homepage>None</homepage>
<repository>stable</repository>
<url arch="all">http://control.ee.ethz.ch/~mpt/tbx/pool/mpt3/3_0_9/mpt3-3_0_9.tgz</url>
</version>
<version>
<id>3,0.8</id>
<date>2013-07-15 21:21:46</date>
<homepage>None</homepage>
<repository>stable</repository>
<url arch="all">http://control.ee.ethz.ch/~mpt/tbx/pool/mpt3/3_0_8/mpt3-3_0_8.tgz</url>
</version>
<version>
<id>3.0.7</id>
<date>2013-07-02 10:44:25</date>
<homepage>None</homepage>
<repository>stable</repository>
<url arch="all">http://control.ee.ethz.ch/~mpt/tbx/pool/mpt3/3_0_7/mpt3-3_0_7.tgz</url>
</version>
<version>
<id>3.0.6</id>
<date>2013-05-29 23:19:18</date>
<homepage>None</homepage>
<repository>stable</repository>
<url arch="all">http://control.ee.ethz.ch/~mpt/tbx/pool/mpt3/3_0_6/mpt3-3_0_6.tgz</url>
</version>
<version>
<id>3.0.5</id>
<date>2013-05-21 16:07:45</date>
<homepage>None</homepage>
<repository>stable</repository>
<url arch="all">http://control.ee.ethz.ch/~mpt/tbx/pool/mpt3/3_0_5/mpt3-3_0_5.tgz</url>
</version>
<version>
<id>3.0.4</id>
<date>2013-05-20 14:30:57</date>
<homepage>None</homepage>
<repository>stable</repository>
<url arch="all">http://control.ee.ethz.ch/~mpt/tbx/pool/mpt3/3_0_4/mpt3-3_0_4.tgz</url>
</version>
<version>
<id>3.0.3</id>
<date>2013-05-14 09:20:30</date>
<homepage>None</homepage>
<repository>stable</repository>
<url arch="all">http://control.ee.ethz.ch/~mpt/tbx/pool/mpt3/3_0_3/mpt3-3_0_3.tgz</url>
</version>
<version>
<id>3.0.2</id>
<date>2013-02-22 21:09:13</date>
<homepage>None</homepage>
<repository>stable</repository>
<url arch="all">http://control.ee.ethz.ch/~mpt/tbx/pool/mpt3/3_0_2/mpt3-3_0_2.tgz</url>
</version>
<version>
<id>3.0.1</id>
<date>2013-02-18 21:18:15</date>
<homepage>None</homepage>
<repository>stable</repository>
<url arch="all">http://control.ee.ethz.ch/~mpt/tbx/pool/mpt3/3_0_1/mpt3-3_0_1.tgz</url>
</version>
<version>
<id>3.0</id>
<date>2012-10-02 13:54:46</date>
<homepage>None</homepage>
<repository>stable</repository>
<url arch="all">http://control.ee.ethz.ch/~mpt/tbx/pool/mpt3/3_0/mpt3-3_0.tgz</url>
</version>
</package>
<package>
<name>mpt2</name>
<homepage>http://control.ee.ethz.ch/~mpt/2/</homepage>
<support>mpt@control.ee.ethz.ch</support>
<version>
<id>2.6.3</id>
<date>2013-07-01 12:06:19</date>
<homepage>None</homepage>
<repository>stable</repository>
<url arch="all">http://people.ee.ethz.ch/~mpt/tbx/pool/mpt2/261/mpt.zip</url>
</version>
</package>
<package>
<name>mpt3lowcom</name>
<homepage>https://bitbucket.org/kvasnica/mpt3lowcom/wiki</homepage>
<support>mpt@control.ee.ethz.ch</support>
<version>
<id>1.0.3</id>
<date>2014-02-13 16:14:26</date>
<homepage>None</homepage>
<repository>stable</repository>
<url arch="all">http://people.ee.ethz.ch/~mpt/tbx/pool/mpt3lowcom/1_0_3/mpt3lowcom-1_0_3.tgz</url>
</version>
<version>
<id>1.0.2</id>
<date>2014-02-05 14:10:40</date>
<homepage>None</homepage>
<repository>stable</repository>
<url arch="all">http://control.ee.ethz.ch/~mpt/tbx/pool/mpt3lowcom/1_0_2/mpt3lowcom-1_0_2.tgz</url>
</version>
<version>
<id>1.0.1</id>
<date>2013-12-03 00:05:08</date>
<homepage>None</homepage>
<repository>stable</repository>
<url arch="all">http://control.ee.ethz.ch/~mpt/tbx/pool/mpt3lowcom/1_0_1/mpt3lowcom-1_0_1.tgz</url>
</version>
<version>
<id>1.0</id>
<date>2013-10-30 18:04:23</date>
<homepage>None</homepage>
<repository>stable</repository>
<url arch="all">http://control.ee.ethz.ch/~mpt/tbx/pool/mpt3lowcom/1_0/mpt3lowcom-1_0.tgz</url>
</version>
</package>
<package>
<name>mptdoc</name>
<homepage>http://control.ee.ethz.ch/~mpt/redmine/projects/mpt3/wiki</homepage>
<support>mpt@control.ee.ethz.ch</support>
<version>
<id>3.0.4</id>
<date>2013-12-19 15:05:16</date>
<homepage>http://control.ee.ethz.ch/~mpt</homepage>
<repository>stable</repository>
<url arch="all">http://people.ee.ethz.ch/~mpt/tbx/pool/mpt3doc/3_0_4/mpt3doc-3_0_4.tgz</url>
</version>
<version>
<id>3.0.3</id>
<date>2013-10-02 11:19:04</date>
<homepage>http://control.ee.ethz.ch/~mpt</homepage>
<repository>stable</repository>
<url arch="all">http://control.ee.ethz.ch/~mpt/tbx/pool/mpt3doc/3_0_3/mpt3doc-3_0_3.tgz</url>
</version>
<version>
<id>3.0.2</id>
<date>2013-05-29 23:21:52</date>
<homepage>None</homepage>
<repository>stable</repository>
<url arch="all">http://control.ee.ethz.ch/~mpt/tbx/pool/mpt3doc/3_0_2/mpt3doc-3_0_2.tgz</url>
</version>
<version>
<id>3.0.1</id>
<date>2013-02-21 19:26:04</date>
<homepage>None</homepage>
<repository>stable</repository>
<url arch="all">http://control.ee.ethz.ch/~mpt/tbx/pool/mpt3doc/3_0_1/mpt3doc-3_0_1.tgz</url>
</version>
<version>
<id>3.0</id>
<date>2012-10-02 11:05:58</date>
<homepage>None</homepage>
<repository>stable</repository>
<url arch="all">http://control.ee.ethz.ch/~mpt/tbx/pool/mpt3doc/3_0/mpt3doc-3_0.tgz</url>
</version>
</package>
<package>
<name>mup</name>
<homepage>https://bitbucket.org/oravec/mup/wiki/Home</homepage>
<support>juraj.oravec@stuba.sk</support>
<version>
<id>R20210708</id>
<date>2021-07-08 16:42:09</date>
<homepage>https://github.com/oravec-juraj/mup/wiki</homepage>
<repository>stable</repository>
<url arch="all">https://github.com/oravec-juraj/mup/releases/download/R20210708/mup.zip</url>
</version>
<version>
<id>20210621</id>
<date>2021-06-21 10:17:15</date>
<homepage>https://github.com/oravec-juraj/mup/wiki</homepage>
<repository>stable</repository>
<url arch="all">https://github.com/oravec-juraj/mup/releases/download/R20210621/mup.zip</url>
</version>
<version>
<id>20200224</id>
<date>2020-02-24 09:00:29</date>
<homepage>https://github.com/oravec-juraj/mup/wiki</homepage>
<repository>stable</repository>
<url arch="all">https://github.com/oravec-juraj/mup/releases/download/R20200224/mup.zip</url>
</version>
<version>
<id>20161207</id>
<date>2016-12-07 15:55:54</date>
<homepage>https://bitbucket.org/oravec/mup/wiki/Home</homepage>
<repository>stable</repository>
<url arch="all">https://bitbucket.org/oravec/mup/downloads/mup_20161207.zip</url>
</version>
<version>
<id>20160529</id>
<date>2016-05-27 13:55:52</date>
<homepage>https://bitbucket.org/oravec/mup/wiki/Home</homepage>
<repository>stable</repository>
<url arch="all">https://bitbucket.org/oravec/mup/downloads/mup_20160529.zip</url>
</version>
<version>
<id>20160528</id>
<date>2016-05-27 13:49:43</date>
<homepage>https://bitbucket.org/oravec/mup/wiki/Home</homepage>
<repository>stable</repository>
<url arch="all">https://bitbucket.org/oravec/mup/downloads/mup_20160528.zip</url>
</version>
<version>
<id>20160527</id>
<date>2016-05-27 10:32:30</date>
<homepage>https://bitbucket.org/oravec/mup/wiki/Home</homepage>
<repository>stable</repository>
<url arch="all">https://bitbucket.org/oravec/mup/downloads/mup_r20160527.zip</url>
</version>
<version>
<id>20160321</id>
<date>2016-03-20 12:14:30</date>
<homepage>https://bitbucket.org/oravec/mup/wiki/Home</homepage>
<repository>stable</repository>
<url arch="all">https://bitbucket.org/oravec/mup/downloads/mup_r20160321.zip</url>
</version>
<version>
<id>20160211</id>
<date>2016-02-11 13:31:50</date>
<homepage>https://bitbucket.org/oravec/mup/wiki/Home</homepage>
<repository>stable</repository>
<url arch="all">https://bitbucket.org/oravec/mup/downloads/mup_r20160211.zip</url>
</version>
<version>
<id>20151026</id>
<date>2015-10-26 15:49:34</date>
<homepage>https://bitbucket.org/oravec/mup/wiki/MUP_r20151026</homepage>
<repository>stable</repository>
<url arch="all">https://bitbucket.org/oravec/mup/downloads/mup_r20151026.zip</url>
</version>
<version>
<id>20150617</id>
<date>2015-06-17 13:43:39</date>
<homepage>https://bitbucket.org/oravec/mup/wiki/MUP_r20150617</homepage>
<repository>stable</repository>
<url arch="all">https://bitbucket.org/oravec/mup/downloads/mup_r20150617.zip</url>
</version>
<version>
<id>20150202</id>
<date>2015-02-02 16:32:45</date>
<homepage>https://bitbucket.org/oravec/mup/wiki/MUP_v20150202</homepage>
<repository>stable</repository>
<url arch="all">https://bitbucket.org/oravec/mup/downloads/mup_v20150202.zip</url>
</version>
</package>
<package>
<name>oasesmex</name>
<homepage>https://projects.coin-or.org/qpOASES</homepage>
<support>mpt@control.ee.ethz.ch</support>
<license>
<url>http://www.tbxmanager.com/package/license.txt/oasesmex</url>
</license>
<version>
<id>3.2.0</id>
<date>2015-09-07 13:50:25</date>
<homepage>https://projects.coin-or.org/qpOASES</homepage>
<repository>stable</repository>
<url arch="glnxa64">http://www.qpoases.org/tbxmanager/3.2.0/qpOASES_3_2_0_linux64.zip</url>
<url arch="maci64">http://www.qpoases.org/tbxmanager/3.2.0/qpOASES_3_2_0_mac64.zip</url>
<url arch="pcwin">http://www.qpoases.org/tbxmanager/3.2.0/qpOASES_3_2_0_win32.zip</url>
<url arch="pcwin64">http://www.qpoases.org/tbxmanager/3.2.0/qpOASES_3_2_0_win64.zip</url>
</version>
<version>
<id>3.1.0</id>
<date>2015-02-23 09:50:58</date>
<homepage>https://projects.coin-or.org/qpOASES</homepage>
<repository>stable</repository>
<url arch="glnxa64">http://www.qpoases.org/tbxmanager/3.1.0/qpOASES_3_1_0_linux64.zip</url>
<url arch="maci64">http://www.qpoases.org/tbxmanager/3.1.0/qpOASES_3_1_0_mac64.zip</url>
<url arch="pcwin">http://www.qpoases.org/tbxmanager/3.1.0/qpOASES_3_1_0_win32.zip</url>
<url arch="pcwin64">http://www.qpoases.org/tbxmanager/3.1.0/qpOASES_3_1_0_win64.zip</url>
</version>
<version>
<id>3.0.1</id>
<date>2014-12-18 14:53:28</date>
<homepage>https://projects.coin-or.org/qpOASES</homepage>
<repository>stable</repository>
<url arch="glnxa64">http://www.qpOASES.org/tbxmanager/3.0.1/qpOASES_3_0_1_linux64.zip</url>
<url arch="maci64">http://www.qpOASES.org/tbxmanager/3.0.1/qpOASES_3_0_1_mac64.zip</url>
<url arch="pcwin">http://www.qpOASES.org/tbxmanager/3.0.1/qpOASES_3_0_1_win32.zip</url>
<url arch="pcwin64">http://www.qpOASES.org/tbxmanager/3.0.1/qpOASES_3_0_1_win64.zip</url>
</version>
<version>
<id>3.0.0</id>
<date>2014-12-18 11:01:26</date>
<homepage>https://projects.coin-or.org/qpOASES</homepage>
<repository>stable</repository>
<url arch="glnxa64">http://www.qpOASES.org/tbxmanager/3.0.0/qpOASES_3_0_0_linux64.zip</url>
<url arch="maci64">http://www.qpOASES.org/tbxmanager/3.0.0/qpOASES_3_0_0_mac64.zip</url>
<url arch="pcwin">http://www.qpOASES.org/tbxmanager/3.0.0/qpOASES_3_0_0_win32.zip</url>
<url arch="pcwin64">http://www.qpOASES.org/tbxmanager/3.0.0/qpOASES_3_0_0_win64.zip</url>
</version>
<version>
<id>1.0</id>
<date>2012-10-02 11:03:47</date>
<homepage>None</homepage>
<repository>stable</repository>
<url arch="glnxa64">http://control.ee.ethz.ch/~mpt/tbx/pool/oasesmex/1_0/oasesmex_1_0_glnxa64.zip</url>
<url arch="maci64">http://control.ee.ethz.ch/~mpt/tbx/pool/oasesmex/1_0/oasesmex_1_0_maci64.zip</url>
<url arch="pcwin">http://control.ee.ethz.ch/~mpt/tbx/pool/oasesmex/1_0/oasesmex_1_0_pcwin.zip</url>
<url arch="pcwin64">http://control.ee.ethz.ch/~mpt/tbx/pool/oasesmex/1_0/oasesmex_1_0_pcwin64.zip</url>
</version>
</package>
<package>
<name>opti</name>
<homepage>http://www.i2c2.aut.ac.nz/Wiki/OPTI/</homepage>
<support>diwilson@aut.ac.nz</support>
<license>
<url>http://www.tbxmanager.com/package/license.txt/opti</url>
</license>
<version>
<id>v2.21</id>
<date>2016-08-26 00:21:19</date>
<homepage>http://www.i2c2.aut.ac.nz/Wiki/OPTI/</homepage>
<repository>stable</repository>
<url arch="pcwin">https://www.dropbox.com/sh/0pobwbvrxdm8om3/AAAiuLfUwsTCC3xk-rGBz5Pza/OptiToolbox_v2.16.zip?dl=0</url>
<url arch="pcwin64">http://www.i2c2.aut.ac.nz/Downloads/Files/OptiToolbox_edu_v2.21.zip</url>
</version>
</package>
<package>
<name>paillier_crypto</name>
<homepage>https://github.com/martin-kaluz/PaillierCrypto-matlab</homepage>
<support>martin.kaluz@stuba.sk</support>
<license>
<url>http://www.tbxmanager.com/package/license.txt/paillier_crypto</url>
</license>
<version>
<id>v1.0</id>
<date>2019-10-21 08:54:44</date>
<homepage>https://github.com/martin-kaluz/PaillierCrypto-matlab</homepage>
<repository>stable</repository>
<url arch="all">https://github.com/martin-kaluz/PaillierCrypto-matlab/archive/master.zip</url>
</version>
</package>
<package>
<name>piddesign</name>
<homepage>https://bitbucket.org/oravec/piddesign/wiki/Home</homepage>
<support>juraj.oravec@stuba.sk</support>
<version>
<id>R20210621</id>
<date>2021-06-21 09:36:53</date>
<homepage>https://github.com/oravec-juraj/piddesign/wiki</homepage>
<repository>stable</repository>
<url arch="all">https://github.com/oravec-juraj/piddesign/releases/download/R20210621/piddesign.zip</url>
</version>
<version>
<id>R20200224</id>
<date>2020-02-24 09:06:02</date>
<homepage>https://github.com/oravec-juraj/piddesign/wiki</homepage>
<repository>stable</repository>
<url arch="all">https://github.com/oravec-juraj/piddesign/releases/download/R20200424/piddesign.zip</url>
</version>
<version>
<id>R20150513</id>
<date>2015-05-13 11:23:22</date>
<homepage>https://bitbucket.org/oravec/piddesign/wiki/Home</homepage>
<repository>stable</repository>
<url arch="all">https://bitbucket.org/oravec/piddesign/downloads/piddesign_20150513.zip</url>
</version>
</package>
<package>
<name>qpspline</name>
<homepage>None</homepage>
<support>mpt@control.ee.ethz.ch</support>
<version>
<id>1.0</id>
<date>2012-10-02 11:04:24</date>
<homepage>None</homepage>
<repository>stable</repository>
<url arch="all">http://people.ee.ethz.ch/~mpt/tbx/pool/qpspline/1_0/QPspline.m</url>
</version>
</package>
<package>
<name>sedumi</name>
<homepage>http://sedumi.ie.lehigh.edu/</homepage>
<support>mpt@control.ee.ethz.ch</support>
<version>
<id>1.3</id>
<date>2012-10-02 11:05:06</date>
<homepage>None</homepage>
<repository>stable</repository>
<url arch="glnxa64">http://people.ee.ethz.ch/~mpt/tbx/pool/sedumi/1_3/sedumi_1_3_glnxa64.zip</url>
<url arch="maci64">http://people.ee.ethz.ch/~mpt/tbx/pool/sedumi/1_3/sedumi_1_3_maci64.zip</url>
<url arch="pcwin">http://people.ee.ethz.ch/~mpt/tbx/pool/sedumi/1_3/sedumi_1_3_pcwin.zip</url>
<url arch="pcwin64">http://people.ee.ethz.ch/~mpt/tbx/pool/sedumi/1_3/sedumi_1_3_pcwin64.zip</url>
</version>
</package>
<package>
<name>tbxcli</name>
<homepage>None</homepage>
<support>michal@tbxmanager.com</support>
<version>
<id>1.1</id>
<date>2014-04-12 00:08:10</date>
<homepage>None</homepage>
<repository>stable</repository>
<url arch="all">http://www.uiam.sk/~kvasnica/tbxpool/tbxcli/tbxcli_1_1_all.zip</url>
</version>
<version>
<id>1.0</id>
<date>2013-09-02 15:33:14</date>
<homepage>None</homepage>
<repository>stable</repository>
<url arch="all">http://www.tbxmanager.com/tbxcli.m</url>
</version>
</package>
<package>
<name>twsba16</name>
<homepage>https://bitbucket.org/kvasnica/twsba16</homepage>
<support>michal.kvasnica@stuba.sk</support>
<license>
<url>http://www.tbxmanager.com/package/license.txt/twsba16</url>
</license>
<version>
<id>1.1</id>
<date>2016-11-22 16:48:27</date>
<homepage>None</homepage>
<repository>stable</repository>
<url arch="all">http://www.kirp.chtf.stuba.sk/~kvasnica/tbxpool/twsba16/twsba16_1_1_all.zip</url>
</version>
<version>
<id>1.0</id>
<date>2016-11-22 16:41:41</date>
<homepage>None</homepage>
<repository>stable</repository>
<url arch="all">http://www.kirp.chtf.stuba.sk/~kvasnica/tbxpool/twsba16/twsba16_1_0_all.zip</url>
</version>
</package>
<package>
<name>wsclient</name>
<homepage>https://github.com/kvasnica/wsclient</homepage>
<support>michal.kvasnica@stuba.sk</support>
<version>
<id>1.6</id>
<date>2017-09-21 09:18:41</date>
<homepage>None</homepage>
<repository>stable</repository>
<url arch="all">http://www.uiam.sk/~kvasnica/tbxpool/wsclient/wsclient_1_6_all.zip</url>
</version>
<version>
<id>1.5</id>
<date>2016-12-17 17:16:48</date>
<homepage>None</homepage>
<repository>stable</repository>
<url arch="all">http://www.kirp.chtf.stuba.sk/~kvasnica/tbxpool/wsclient/wsclient_1_5_all.zip</url>
</version>
<version>
<id>1.4</id>
<date>2016-12-17 16:15:56</date>
<homepage>None</homepage>
<repository>stable</repository>
<url arch="all">http://www.kirp.chtf.stuba.sk/~kvasnica/tbxpool/wsclient/wsclient_1_4_all.zip</url>
</version>
<version>
<id>1.3</id>
<date>2015-01-26 10:13:31</date>
<homepage>None</homepage>
<repository>stable</repository>
<url arch="all">http://www.kirp.chtf.stuba.sk/~kvasnica/tbxpool/wsclient/wsclient_1_3_all.zip</url>
</version>
<version>
<id>1.2</id>
<date>2014-04-26 01:07:31</date>
<homepage>None</homepage>
<repository>stable</repository>
<url arch="all">http://www.kirp.chtf.stuba.sk/~kvasnica/tbxpool/wsclient/wsclient_1_2_all.zip</url>
</version>
<version>
<id>1.1</id>
<date>2014-04-26 00:46:18</date>
<homepage>None</homepage>
<repository>stable</repository>
<url arch="all">http://www.kirp.chtf.stuba.sk/~kvasnica/tbxpool/wsclient/wsclient_1_1_all.zip</url>
</version>
<version>
<id>1.0</id>
<date>2014-04-15 17:16:40</date>
<homepage>None</homepage>
<repository>stable</repository>
<url arch="all">http://www.kirp.chtf.stuba.sk/~kvasnica/tbxpool/wsclient/wsclient_1_0_all.zip</url>
</version>
</package>
<package>
<name>yalmip</name>
<homepage>https://yalmip.github.io</homepage>
<support>johanl@isy.liu.se</support>
<license>
<url>http://www.tbxmanager.com/package/license.txt/yalmip</url>
</license>
<version>
<id>R20210331</id>
<date>2021-06-28 13:17:09</date>
<homepage>https://yalmip.github.io</homepage>
<repository>stable</repository>
<url arch="all">https://github.com/yalmip/YALMIP/archive/master.zip</url>
</version>
<version>
<id>R20201001</id>
<date>2020-10-01 13:13:59</date>
<homepage>https://yalmip.github.io</homepage>
<repository>stable</repository>
<url arch="all">https://github.com/yalmip/YALMIP/archive/master.zip</url>
</version>
<version>
<id>R20200116</id>
<date>2020-01-16 15:06:24</date>
<homepage>https://yalmip.github.io</homepage>
<repository>stable</repository>
<url arch="all">https://github.com/yalmip/YALMIP/archive/master.zip</url>
</version>
<version>
<id>R20190425</id>
<date>2019-04-25 10:08:54</date>
<homepage>https://yalmip.github.io</homepage>
<repository>stable</repository>
<url arch="all">https://github.com/yalmip/YALMIP/archive/master.zip</url>
</version>
<version>
<id>R20181012</id>
<date>2018-10-12 13:34:33</date>
<homepage>https://yalmip.github.io</homepage>
<repository>stable</repository>
<url arch="all">https://github.com/yalmip/YALMIP/archive/master.zip</url>
</version>
<version>
<id>R20180926</id>
<date>2018-09-27 12:44:49</date>
<homepage>https://yalmip.github.io</homepage>
<repository>stable</repository>
<url arch="all">https://github.com/yalmip/YALMIP/archive/master.zip</url>
</version>
<version>
<id>R20180817</id>
<date>2018-08-17 09:25:27</date>
<homepage>https://yalmip.github.io</homepage>
<repository>stable</repository>
<url arch="all">https://github.com/yalmip/YALMIP/archive/master.zip</url>
</version>
<version>
<id>R20180612</id>
<date>2018-06-12 09:46:56</date>
<homepage>https://yalmip.github.io</homepage>
<repository>stable</repository>
<url arch="all">https://github.com/yalmip/YALMIP/archive/master.zip</url>
</version>
<version>
<id>R20180413</id>
<date>2018-04-13 13:51:33</date>
<homepage>https://yalmip.github.io</homepage>
<repository>stable</repository>
<url arch="all">https://github.com/yalmip/YALMIP/archive/master.zip</url>
</version>
<version>
<id>R20180209</id>
<date>2018-02-09 10:36:44</date>
<homepage>https://yalmip.github.io</homepage>
<repository>stable</repository>
<url arch="all">https://github.com/yalmip/YALMIP/archive/master.zip</url>
</version>
<version>
<id>R20171121</id>
<date>2017-11-21 14:47:23</date>
<homepage>https://yalmip.github.io</homepage>
<repository>stable</repository>
<url arch="all">https://github.com/yalmip/YALMIP/archive/master.zip</url>
</version>
<version>
<id>R20171018</id>
<date>2017-10-18 13:07:56</date>
<homepage>https://yalmip.github.io</homepage>
<repository>stable</repository>
<url arch="all">https://github.com/yalmip/YALMIP/archive/master.zip</url>
</version>
<version>
<id>R20170921</id>
<date>2017-09-21 13:16:43</date>
<homepage>https://yalmip.github.io</homepage>
<repository>stable</repository>
<url arch="all">https://github.com/yalmip/YALMIP/archive/master.zip</url>
</version>
<version>
<id>R20170915</id>
<date>2017-09-15 15:04:23</date>
<homepage>https://yalmip.github.io</homepage>
<repository>stable</repository>
<url arch="all">https://github.com/yalmip/YALMIP/archive/master.zip</url>
</version>
<version>
<id>R20170818</id>
<date>2017-08-18 11:00:35</date>
<homepage>https://yalmip.github.io</homepage>
<repository>stable</repository>
<url arch="all">https://github.com/yalmip/YALMIP/archive/master.zip</url>
</version>
<version>
<id>R20170626</id>
<date>2017-08-09 09:25:06</date>
<homepage>https://yalmip.github.io</homepage>
<repository>stable</repository>
<url arch="all">https://github.com/yalmip/YALMIP/archive/master.zip</url>
</version>
<version>
<id>R20170624</id>
<date>2017-06-24 10:22:12</date>
<homepage>https://yalmip.github.io</homepage>
<repository>stable</repository>
<url arch="all">https://github.com/yalmip/YALMIP/archive/master.zip</url>
</version>
<version>
<id>R20170622</id>
<date>2017-06-22 13:59:47</date>
<homepage>https://yalmip.github.io</homepage>
<repository>stable</repository>
<url arch="all">https://github.com/yalmip/YALMIP/archive/master.zip</url>
</version>
<version>
<id>R20160930</id>
<date>2016-09-30 10:39:39</date>
<homepage>https://yalmip.github.io</homepage>
<repository>stable</repository>
<url arch="all">https://github.com/yalmip/YALMIP/archive/master.zip</url>
</version>
<version>
<id>R20160923</id>
<date>2016-09-23 13:36:48</date>
<homepage>https://yalmip.github.io</homepage>
<repository>stable</repository>
<url arch="all">https://github.com/yalmip/YALMIP/archive/master.zip</url>
</version>
<version>
<id>R20150918</id>
<date>2015-09-18 14:14:06</date>
<homepage>http://users.isy.liu.se/johanl/yalmip/</homepage>
<repository>stable</repository>
<url arch="all">http://www.control.isy.liu.se/~johanl/YALMIP.zip</url>
</version>
<version>
<id>R20150626</id>
<date>2015-06-26 12:08:57</date>
<homepage>http://users.isy.liu.se/johanl/yalmip</homepage>
<repository>stable</repository>
<url arch="all">http://www.control.isy.liu.se/~johanl/YALMIP.zip</url>
</version>
<version>
<id>R20150204</id>
<date>2015-02-04 13:57:28</date>
<homepage>http://users.isy.liu.se/johanl/yalmip</homepage>
<repository>stable</repository>
<url arch="all">http://www.control.isy.liu.se/~johanl/YALMIP.zip</url>
</version>
<version>
<id>R20141218</id>
<date>2014-12-18 14:30:33</date>
<homepage>http://users.isy.liu.se/johanl/yalmip/</homepage>
<repository>stable</repository>
<url arch="all">http://www.control.isy.liu.se/~johanl/YALMIP.zip</url>
</version>
<version>
<id>R20141127</id>
<date>2014-11-27 16:03:59</date>
<homepage>http://users.isy.liu.se/johanl/yalmip/</homepage>
<repository>stable</repository>
<url arch="all">http://www.control.isy.liu.se/~johanl/YALMIP.zip</url>
</version>
<version>
<id>R20141125</id>
<date>2014-11-25 13:12:38</date>
<homepage>http://users.isy.liu.se/johanl/yalmip/</homepage>
<repository>stable</repository>
<url arch="all">http://www.control.isy.liu.se/~johanl/YALMIP.zip</url>
</version>
<version>
<id>R20141030</id>
<date>2014-10-31 17:12:11</date>
<homepage>http://users.isy.liu.se/johanl/yalmip/</homepage>
<repository>stable</repository>
<url arch="all">http://www.control.isy.liu.se/~johanl/YALMIP.zip</url>
</version>
<version>
<id>R20140915</id>
<date>2014-09-15 14:15:53</date>
<homepage>http://users.isy.liu.se/johanl/yalmip/</homepage>
<repository>stable</repository>
<url arch="all">http://www.control.isy.liu.se/~johanl/YALMIP.zip</url>
</version>
<version>
<id>R20140619</id>
<date>2014-06-19 14:31:54</date>
<homepage>http://users.isy.liu.se/johanl/yalmip/</homepage>
<repository>stable</repository>
<url arch="all">http://www.control.isy.liu.se/~johanl/YALMIP.zip</url>
</version>
<version>
<id>R20140605</id>
<date>2014-06-05 12:12:48</date>
<homepage>http://users.isy.liu.se/johanl/yalmip/</homepage>
<repository>stable</repository>
<url arch="all">http://www.control.isy.liu.se/~johanl/YALMIP.zip</url>
</version>
<version>
<id>R20140221</id>
<date>2014-02-21 08:13:01</date>
<homepage>http://users.isy.liu.se/johanl/yalmip/</homepage>
<repository>stable</repository>
<url arch="all">http://www.control.isy.liu.se/~johanl/YALMIP.zip</url>
</version>
<version>
<id>R20140217</id>
<date>2014-02-17 10:06:10</date>
<homepage>http://users.isy.liu.se/johanl/yalmip/</homepage>
<repository>stable</repository>
<url arch="all">http://www.control.isy.liu.se/~johanl/YALMIP.zip</url>
</version>
<version>
<id>R20131220</id>
<date>2013-12-20 13:35:37</date>
<homepage>http://users.isy.liu.se/johanl/yalmip/</homepage>
<repository>stable</repository>
<url arch="all">http://www.control.isy.liu.se/~johanl/YALMIP.zip</url>
</version>
<version>
<id>R20131002</id>
<date>2013-10-11 19:15:03</date>
<homepage>http://users.isy.liu.se/johanl/yalmip/</homepage>
<repository>stable</repository>
<url arch="all">http://www.control.isy.liu.se/~johanl/YALMIP.zip</url>
</version>
<version>
<id>R20130628</id>
<date>2013-06-28 14:10:13</date>
<homepage>http://users.isy.liu.se/johanl/yalmip/</homepage>
<repository>stable</repository>
<url arch="all">http://www.control.isy.liu.se/~johanl/YALMIP.zip</url>
</version>
<version>
<id>R20130405</id>
<date>2013-04-05 13:12:53</date>
<homepage>http://users.isy.liu.se/johanl/yalmip/</homepage>
<repository>stable</repository>
<url arch="all">http://www.control.isy.liu.se/~johanl/YALMIP.zip</url>
</version>
<version>
<id>R20130213</id>
<date>2013-02-13 14:59:54</date>
<homepage>http://users.isy.liu.se/johanl/yalmip/</homepage>
<repository>stable</repository>
<url arch="all">http://www.control.isy.liu.se/~johanl/YALMIP.zip</url>
</version>
<version>
<id>R20130201</id>
<date>2013-02-01 13:15:42</date>
<homepage>http://users.isy.liu.se/johanl/yalmip/</homepage>
<repository>stable</repository>
<url arch="all">http://www.control.isy.liu.se/~johanl/YALMIP.zip</url>
</version>
<version>
<id>R20130128</id>
<date>2013-01-28 13:59:58</date>
<homepage>http://users.isy.liu.se/johanl/yalmip/</homepage>
<repository>stable</repository>
<url arch="all">http://www.control.isy.liu.se/~johanl/YALMIP.zip</url>
</version>
<version>
<id>R20130124</id>
<date>2013-01-25 08:13:08</date>
<homepage>http://users.isy.liu.se/johanl/yalmip/</homepage>
<repository>stable</repository>
<url arch="all">http://www.control.isy.liu.se/~johanl/YALMIP.zip</url>
</version>
<version>
<id>R20130111</id>
<date>2013-01-15 09:22:44</date>
<homepage>http://users.isy.liu.se/johanl/yalmip/</homepage>
<repository>stable</repository>
<url arch="all">http://www.control.isy.liu.se/~johanl/YALMIP.zip</url>
</version>
<version>
<id>R20121126</id>
<date>2013-01-03 11:23:57</date>
<homepage>http://users.isy.liu.se/johanl/yalmip/</homepage>
<repository>stable</repository>
<url arch="all">http://www.control.isy.liu.se/~johanl/YALMIP.zip</url>
</version>
<version>
<id>R20120926</id>
<date>2012-10-02 11:08:26</date>
<homepage>http://users.isy.liu.se/johanl/yalmip/pmwiki.php?n=Blog.Release-20120926</homepage>
<repository>stable</repository>
<url arch="all">http://www.control.isy.liu.se/~johanl/YALMIP.zip</url>
</version>
<version>
<id>R20120830</id>
<date>2012-10-02 11:07:54</date>
<homepage>http://users.isy.liu.se/johanl/yalmip/pmwiki.php?n=Blog.Release-20120830</homepage>
<repository>stable</repository>
<url arch="all">http://www.control.isy.liu.se/~johanl/YALMIP.zip</url>
</version>
</package>
</tbxmanager_ampc>